{
  "settings/input": {
    "categories": [
      "General",
      "Sports"
    ],
    "keywords": [
      "Tesla",
      "Knicks"
    ],
    "sources": [
      "Breitbart News",
      "Fox News",
      "CNN",
      "Associated Press",
      "ESPN",
      "Fox Sports",
      "SportBible",
      "Bleacher Report",
      "talkSPORT"
    ],
    "start_date": "2025-07-27",
    "end_date": "2025-07-29",
    "timeframe_days": 2,
    "podcast_length_min": 5,
    "speech_speed": "Normal",
    "voice": "ballad",
    "results_reported": 1,
    "generated_at": "2025-07-29T00:13:34.174763+00:00"
  },
  "articles/output": {
    "General": {
      "Tesla": [
        {
          "source": "CNN",
          "primary_category": "General",
          "title": "‘Tesla Takedown’ protestors have a new target: Elon Musk’s Tesla Diner | CNN Business",
          "description": "For months, protesters have gathered outside Tesla showrooms in response to Elon Musk’s role in reducing US government spending as part of the Department of Government Efficiency.",
          "content": "For months, protesters have gathered outside Tesla showrooms in response to Elon Musks role in reducing US government spending as part of the Department of Government Efficiency. This weekend, prote… [+2510 chars]",
          "url": "https://www.cnn.com/2025/07/27/business/musk-tesla-diner-protest",
          "image": "https://media.cnn.com/api/v1/images/stellar/prod/ap25206783635180.jpg?c=16x9&q=w_800,c_fill",
          "publishedAt": "2025-07-27"
        }
      ]
    }
  },
  "group article counts": {
    "General": {
      "Tesla": 1
    }
  }
}